Lower,Upper,mean
0.308330070884778,1.57928803044563,0.935094630498027
0.542479553565621,1.89013892154186,1.18928084199965
