lower,upper,g
0.139078494239469,4.0087356764531,1
0.284607290346893,4.84786070419209,2
