lower,upper,g
0.306902843906513,1.89855316435932,1
0.441389968081172,2.33475846114325,2
