Parameter,Mean,SD,Lower,Upper
Intercept,84.4039062392128,1.16162017742432,82.1184209903833,86.6818363448748
Grade 11,7.66594439135501,1.10753344881823,5.47106173543798,9.81524090961971
Grade 12,13.4544481407626,1.68692506249018,10.1436332428157,16.7701474109644
$\sigma_v$,3.25602849175783,0.580517457515991,2.17493382088178,4.4179379934079
$\sigma_w$,9.8433418580636,0.464729005607144,8.93614564148309,10.7544787928095
$\sigma_u$,3.6218297586286,0.812037499598196,2.06061302965617,5.24756745639702
$\sigma_\epsilon$,14.1019647541919,0.243869329420844,13.6333393168224,14.5865924408459
