Parameter,Mean,SD,Lower,Upper
Intercept,82.3861041009725,1.86415340623824,78.7374092126351,86.0049631463887
Measurement 2,10.439914649036,2.09125060674808,6.4176441015114,14.5878204204128
Measurement 3,11.0290249153075,2.13215352879142,6.82676627761442,15.1843013125096
$\sigma_u$,6.10707803653305,0.919806067963941,4.28425388903579,7.89598342314917
$\sigma_w$,9.81894228338196,0.465158953312593,8.92534335039188,10.7439642507028
$\sigma_\epsilon$,14.005466466313,0.23474555528407,13.5506535780188,14.4663940733662
