Mean,what
75.8968719759914,Exp 1 uncorrected
86.2998136555649,Exp 2 uncorrected
86.8962821288368,Exp 3 uncorrected
78.907062908605,Experiment 1
83.9509481498161,Experiment 2
85.8799033060572,Experiment 3
