Parameter,Mean,SD,Lower,Upper
Intercept,76.5198727104035,5.2219862460117,64.6087711301332,88.6333473860048
Measurement 2,9.3658352141152,1.92140066743488,5.58963143385505,13.1138395713566
Measurement 3,9.94264986992927,1.95689846292427,6.02873389865298,13.7246696674458
$\sigma^2_w \, \mathrm{(school)}$,86.8568892444172,213.12392067752,1.77284881700638e-10,414.621110883696
$\sigma^2_u \, \mathrm{(student)}$,101.102847398094,23.6764647369564,57.2409705609779,148.632579566195
$\sigma^2_\epsilon$,144.501837436296,15.9105549133032,115.001643141453,176.397842036508
