Parameter,Mean,SD,Lower,Upper
Intercept,84.4039062392128,1.16162017742432,82.1184209903833,86.6818363448748
Grade 11,7.66594439135501,1.10753344881823,5.47106173543798,9.81524090961971
Grade 12,13.4544481407626,1.68692506249018,10.1436332428157,16.7701474109644
$\sigma^2_w \, \mathrm{(school)}$,97.1073501835842,9.17003570144852,79.5861917253746,115.34294131589
$\sigma^2_u \, \mathrm{(student)}$,13.7770502062005,6.11981504720901,3.28606230265463,26.025517520584
$\sigma^2_v \, \mathrm{(task)}$,10.9387192492819,4.00452290401384,4.31155697276742,18.9109548234178
$\sigma^2_\epsilon$,198.924881682701,6.88412953896518,185.633494693171,212.52720062049
